Title,Ratings,Date
Funny Got Data MIS Data Systems Business Analyst T-Shirt, 4.3 ,2024-01-19
Funny Got Data MIS Data Systems Business Analyst T-Shirt, 4.3 ,2024-01-19
Funny Got Data MIS Data Systems Business Analyst T-Shirt, 4.3 ,2024-01-19
Funny Got Data MIS Data Systems Business Analyst T-Shirt, 4.3 ,2024-01-19
Funny Got Data MIS Data Systems Business Analyst T-Shirt, 4.3 ,2024-01-19
Funny Got Data MIS Data Systems Business Analyst T-Shirt, 4.3 ,2024-01-19
Funny Got Data MIS Data Systems Business Analyst T-Shirt, 4.3 ,2024-01-19
Funny Got Data MIS Data Systems Business Analyst T-Shirt, 4.3 ,2024-01-19
Funny Got Data MIS Data Systems Business Analyst T-Shirt, 4.3 ,2024-01-19
Funny Got Data MIS Data Systems Business Analyst T-Shirt, 4.3 ,2024-01-19
